{
  "type": "FeatureCollection",
  "features": [
    {
      "id": "0",
      "type": "Feature",
      "properties": {
        "tile_id": 0,
        "average_temperature": 40.843,
        "min_temperature": 40.843,
        "max_temperature": 40.843
      },
      "geometry": {
        "type": "Polygon",
        "coordinates": [
          [
            [
              -115.17510712369135,
              36.109759184428334
            ],
            [
              -115.17398345116507,
              36.10974205842495
            ],
            [
              -115.17396279542777,
              36.110634125769266
            ],
            [
              -115.17508648064774,
              36.110651252329276
            ],
            [
              -115.17510712369135,
              36.109759184428334
            ]
          ]
        ]
      }
    },
    {
      "id": "1",
      "type": "Feature",
      "properties": {
        "tile_id": 1,
        "average_temperature": 40.8162,
        "min_temperature": 40.8162,
        "max_temperature": 40.8162
      },
      "geometry": {
        "type": "Polygon",
        "coordinates": [
          [
            [
              -115.17398345116507,
              36.10974205842495
            ],
            [
              -115.17285977958738,
              36.109724921890056
            ],
            [
              -115.17283911115646,
              36.11061698867737
            ],
            [
              -115.17396279542777,
              36.110634125769266
            ],
            [
              -115.17398345116507,
              36.10974205842495
            ]
          ]
        ]
      }
    },
    {
      "id": "2",
      "type": "Feature",
      "properties": {
        "tile_id": 2,
        "average_temperature": 40.7876,
        "min_temperature": 40.7876,
        "max_temperature": 40.7876
      },
      "geometry": {
        "type": "Polygon",
        "coordinates": [
          [
            [
              -115.17285977958738,
              36.109724921890056
            ],
            [
              -115.17173610895888,
              36.10970777482365
            ],
            [
              -115.17171542783434,
              36.11059984105365
            ],
            [
              -115.17283911115646,
              36.11061698867737
            ],
            [
              -115.17285977958738,
              36.109724921890056
            ]
          ]
        ]
      }
    },
    {
      "id": "3",
      "type": "Feature",
      "properties": {
        "tile_id": 3,
        "average_temperature": 40.7581,
        "min_temperature": 40.7581,
        "max_temperature": 40.7581
      },
      "geometry": {
        "type": "Polygon",
        "coordinates": [
          [
            [
              -115.17173610895888,
              36.10970777482365
            ],
            [
              -115.17061243928013,
              36.10969061722579
            ],
            [
              -115.17059174546205,
              36.11058268289812
            ],
            [
              -115.17171542783434,
              36.11059984105365
            ],
            [
              -115.17173610895888,
              36.10970777482365
            ]
          ]
        ]
      }
    },
    {
      "id": "4",
      "type": "Feature",
      "properties": {
        "tile_id": 4,
        "average_temperature": 40.7283,
        "min_temperature": 40.7283,
        "max_temperature": 40.7283
      },
      "geometry": {
        "type": "Polygon",
        "coordinates": [
          [
            [
              -115.17061243928013,
              36.10969061722579
            ],
            [
              -115.16948877055174,
              36.10967344909648
            ],
            [
              -115.16946806404013,
              36.11056551421082
            ],
            [
              -115.17059174546205,
              36.11058268289812
            ],
            [
              -115.17061243928013,
              36.10969061722579
            ]
          ]
        ]
      }
    },
    {
      "id": "5",
      "type": "Feature",
      "properties": {
        "tile_id": 5,
        "average_temperature": 40.699,
        "min_temperature": 40.699,
        "max_temperature": 40.699
      },
      "geometry": {
        "type": "Polygon",
        "coordinates": [
          [
            [
              -115.16948877055174,
              36.10967344909648
            ],
            [
              -115.16836510277425,
              36.109656270435764
            ],
            [
              -115.16834438356919,
              36.110548334991755
            ],
            [
              -115.16946806404013,
              36.11056551421082
            ],
            [
              -115.16948877055174,
              36.10967344909648
            ]
          ]
        ]
      }
    },
    {
      "id": "6",
      "type": "Feature",
      "properties": {
        "tile_id": 6,
        "average_temperature": 40.6711,
        "min_temperature": 40.6711,
        "max_temperature": 40.6711
      },
      "geometry": {
        "type": "Polygon",
        "coordinates": [
          [
            [
              -115.16836510277425,
              36.109656270435764
            ],
            [
              -115.16724143594827,
              36.10963908124367
            ],
            [
              -115.16722070404978,
              36.11053114524097
            ],
            [
              -115.16834438356919,
              36.110548334991755
            ],
            [
              -115.16836510277425,
              36.109656270435764
            ]
          ]
        ]
      }
    },
    {
      "id": "7",
      "type": "Feature",
      "properties": {
        "tile_id": 7,
        "average_temperature": 40.6452,
        "min_temperature": 40.6452,
        "max_temperature": 40.6452
      },
      "geometry": {
        "type": "Polygon",
        "coordinates": [
          [
            [
              -115.16724143594827,
              36.10963908124367
            ],
            [
              -115.16611777007438,
              36.10962188152022
            ],
            [
              -115.16609702548253,
              36.110513944958484
            ],
            [
              -115.16722070404978,
              36.11053114524097
            ],
            [
              -115.16724143594827,
              36.10963908124367
            ]
          ]
        ]
      }
    },
    {
      "id": "8",
      "type": "Feature",
      "properties": {
        "tile_id": 8,
        "average_temperature": 40.6224,
        "min_temperature": 40.6224,
        "max_temperature": 40.6224
      },
      "geometry": {
        "type": "Polygon",
        "coordinates": [
          [
            [
              -115.16611777007438,
              36.10962188152022
            ],
            [
              -115.16499410515317,
              36.10960467126546
            ],
            [
              -115.16497334786796,
              36.110496734144334
            ],
            [
              -115.16609702548253,
              36.110513944958484
            ],
            [
              -115.16611777007438,
              36.10962188152022
            ]
          ]
        ]
      }
    },
    {
      "id": "9",
      "type": "Feature",
      "properties": {
        "tile_id": 9,
        "average_temperature": 40.7887,
        "min_temperature": 40.7887,
        "max_temperature": 40.7887
      },
      "geometry": {
        "type": "Polygon",
        "coordinates": [
          [
            [
              -115.17508648064774,
              36.110651252329276
            ],
            [
              -115.17396279542777,
              36.110634125769266
            ],
            [
              -115.17394213878246,
              36.11152619297021
            ],
            [
              -115.17506583669665,
              36.11154332008688
            ],
            [
              -115.17508648064774,
              36.110651252329276
            ]
          ]
        ]
      }
    },
    {
      "id": "10",
      "type": "Feature",
      "properties": {
        "tile_id": 10,
        "average_temperature": 40.768,
        "min_temperature": 40.768,
        "max_temperature": 40.768
      },
      "geometry": {
        "type": "Polygon",
        "coordinates": [
          [
            [
              -115.17396279542777,
              36.110634125769266
            ],
            [
              -115.17283911115646,
              36.11061698867737
            ],
            [
              -115.17281844181694,
              36.11150905532134
            ],
            [
              -115.17394213878246,
              36.11152619297021
            ],
            [
              -115.17396279542777,
              36.110634125769266
            ]
          ]
        ]
      }
    },
    {
      "id": "11",
      "type": "Feature",
      "properties": {
        "tile_id": 11,
        "average_temperature": 40.7459,
        "min_temperature": 40.7459,
        "max_temperature": 40.7459
      },
      "geometry": {
        "type": "Polygon",
        "coordinates": [
          [
            [
              -115.17283911115646,
              36.11061698867737
            ],
            [
              -115.17171542783434,
              36.11059984105365
            ],
            [
              -115.1716947458007,
              36.11149190714028
            ],
            [
              -115.17281844181694,
              36.11150905532134
            ],
            [
              -115.17283911115646,
              36.11061698867737
            ]
          ]
        ]
      }
    },
    {
      "id": "12",
      "type": "Feature",
      "properties": {
        "tile_id": 12,
        "average_temperature": 40.723,
        "min_temperature": 40.723,
        "max_temperature": 40.723
      },
      "geometry": {
        "type": "Polygon",
        "coordinates": [
          [
            [
              -115.17171542783434,
              36.11059984105365
            ],
            [
              -115.17059174546205,
              36.11058268289812
            ],
            [
              -115.17057105073428,
              36.11147474842707
            ],
            [
              -115.1716947458007,
              36.11149190714028
            ],
            [
              -115.17171542783434,
              36.11059984105365
            ]
          ]
        ]
      }
    },
    {
      "id": "13",
      "type": "Feature",
      "properties": {
        "tile_id": 13,
        "average_temperature": 40.6998,
        "min_temperature": 40.6998,
        "max_temperature": 40.6998
      },
      "geometry": {
        "type": "Polygon",
        "coordinates": [
          [
            [
              -115.17059174546205,
              36.11058268289812
            ],
            [
              -115.16946806404013,
              36.11056551421082
            ],
            [
              -115.16944735661828,
              36.111457579181746
            ],
            [
              -115.17057105073428,
              36.11147474842707
            ],
            [
              -115.17059174546205,
              36.11058268289812
            ]
          ]
        ]
      }
    },
    {
      "id": "14",
      "type": "Feature",
      "properties": {
        "tile_id": 14,
        "average_temperature": 40.677,
        "min_temperature": 40.677,
        "max_temperature": 40.677
      },
      "geometry": {
        "type": "Polygon",
        "coordinates": [
          [
            [
              -115.16946806404013,
              36.11056551421082
            ],
            [
              -115.16834438356919,
              36.110548334991755
            ],
            [
              -115.16832366345332,
              36.11144039940432
            ],
            [
              -115.16944735661828,
              36.111457579181746
            ],
            [
              -115.16946806404013,
              36.11056551421082
            ]
          ]
        ]
      }
    },
    {
      "id": "15",
      "type": "Feature",
      "properties": {
        "tile_id": 15,
        "average_temperature": 40.6552,
        "min_temperature": 40.6552,
        "max_temperature": 40.6552
      },
      "geometry": {
        "type": "Polygon",
        "coordinates": [
          [
            [
              -115.16834438356919,
              36.110548334991755
            ],
            [
              -115.16722070404978,
              36.11053114524097
            ],
            [
              -115.16719997123994,
              36.11142320909484
            ],
            [
              -115.16832366345332,
              36.11144039940432
            ],
            [
              -115.16834438356919,
              36.110548334991755
            ]
          ]
        ]
      }
    },
    {
      "id": "16",
      "type": "Feature",
      "properties": {
        "tile_id": 16,
        "average_temperature": 40.635,
        "min_temperature": 40.635,
        "max_temperature": 40.635
      },
      "geometry": {
        "type": "Polygon",
        "coordinates": [
          [
            [
              -115.16722070404978,
              36.11053114524097
            ],
            [
              -115.16609702548253,
              36.110513944958484
            ],
            [
              -115.16607627997872,
              36.111406008253326
            ],
            [
              -115.16719997123994,
              36.11142320909484
            ],
            [
              -115.16722070404978,
              36.11053114524097
            ]
          ]
        ]
      }
    },
    {
      "id": "17",
      "type": "Feature",
      "properties": {
        "tile_id": 17,
        "average_temperature": 40.6171,
        "min_temperature": 40.6171,
        "max_temperature": 40.6171
      },
      "geometry": {
        "type": "Polygon",
        "coordinates": [
          [
            [
              -115.16609702548253,
              36.110513944958484
            ],
            [
              -115.16497334786796,
              36.110496734144334
            ],
            [
              -115.16495258967026,
              36.11138879687979
            ],
            [
              -115.16607627997872,
              36.111406008253326
            ],
            [
              -115.16609702548253,
              36.110513944958484
            ]
          ]
        ]
      }
    },
    {
      "id": "18",
      "type": "Feature",
      "properties": {
        "tile_id": 18,
        "average_temperature": 40.7342,
        "min_temperature": 40.7342,
        "max_temperature": 40.7342
      },
      "geometry": {
        "type": "Polygon",
        "coordinates": [
          [
            [
              -115.17506583669665,
              36.11154332008688
            ],
            [
              -115.17394213878246,
              36.11152619297021
            ],
            [
              -115.17392148122906,
              36.11241826002783
            ],
            [
              -115.17504519183807,
              36.11243538770116
            ],
            [
              -115.17506583669665,
              36.11154332008688
            ]
          ]
        ]
      }
    },
    {
      "id": "19",
      "type": "Feature",
      "properties": {
        "tile_id": 19,
        "average_temperature": 40.7196,
        "min_temperature": 40.7196,
        "max_temperature": 40.7196
      },
      "geometry": {
        "type": "Polygon",
        "coordinates": [
          [
            [
              -115.17394213878246,
              36.11152619297021
            ],
            [
              -115.17281844181694,
              36.11150905532134
            ],
            [
              -115.17279777156881,
              36.11240112182195
            ],
            [
              -115.17392148122906,
              36.11241826002783
            ],
            [
              -115.17394213878246,
              36.11152619297021
            ]
          ]
        ]
      }
    },
    {
      "id": "20",
      "type": "Feature",
      "properties": {
        "tile_id": 20,
        "average_temperature": 40.704,
        "min_temperature": 40.704,
        "max_temperature": 40.704
      },
      "geometry": {
        "type": "Polygon",
        "coordinates": [
          [
            [
              -115.17281844181694,
              36.11150905532134
            ],
            [
              -115.1716947458007,
              36.11149190714028
            ],
            [
              -115.17167406285783,
              36.11238397308355
            ],
            [
              -115.17279777156881,
              36.11240112182195
            ],
            [
              -115.17281844181694,
              36.11150905532134
            ]
          ]
        ]
      }
    },
    {
      "id": "21",
      "type": "Feature",
      "properties": {
        "tile_id": 21,
        "average_temperature": 40.6877,
        "min_temperature": 40.6877,
        "max_temperature": 40.6877
      },
      "geometry": {
        "type": "Polygon",
        "coordinates": [
          [
            [
              -115.1716947458007,
              36.11149190714028
            ],
            [
              -115.17057105073428,
              36.11147474842707
            ],
            [
              -115.17055035509676,
              36.112366813812656
            ],
            [
              -115.17167406285783,
              36.11238397308355
            ],
            [
              -115.1716947458007,
              36.11149190714028
            ]
          ]
        ]
      }
    },
    {
      "id": "22",
      "type": "Feature",
      "properties": {
        "tile_id": 22,
        "average_temperature": 40.6712,
        "min_temperature": 40.6712,
        "max_temperature": 40.6712
      },
      "geometry": {
        "type": "Polygon",
        "coordinates": [
          [
            [
              -115.17057105073428,
              36.11147474842707
            ],
            [
              -115.16944735661828,
              36.111457579181746
            ],
            [
              -115.16942664828616,
              36.11234964400929
            ],
            [
              -115.17055035509676,
              36.112366813812656
            ],
            [
              -115.17057105073428,
              36.11147474842707
            ]
          ]
        ]
      }
    },
    {
      "id": "23",
      "type": "Feature",
      "properties": {
        "tile_id": 23,
        "average_temperature": 40.6549,
        "min_temperature": 40.6549,
        "max_temperature": 40.6549
      },
      "geometry": {
        "type": "Polygon",
        "coordinates": [
          [
            [
              -115.16944735661828,
              36.111457579181746
            ],
            [
              -115.16832366345332,
              36.11144039940432
            ],
            [
              -115.16830294242658,
              36.11233246367351
            ],
            [
              -115.16942664828616,
              36.11234964400929
            ],
            [
              -115.16944735661828,
              36.111457579181746
            ]
          ]
        ]
      }
    },
    {
      "id": "24",
      "type": "Feature",
      "properties": {
        "tile_id": 24,
        "average_temperature": 40.6393,
        "min_temperature": 40.6393,
        "max_temperature": 40.6393
      },
      "geometry": {
        "type": "Polygon",
        "coordinates": [
          [
            [
              -115.16832366345332,
              36.11144039940432
            ],
            [
              -115.16719997123994,
              36.11142320909484
            ],
            [
              -115.16717923751867,
              36.112315272805304
            ],
            [
              -115.16830294242658,
              36.11233246367351
            ],
            [
              -115.16832366345332,
              36.11144039940432
            ]
          ]
        ]
      }
    },
    {
      "id": "25",
      "type": "Feature",
      "properties": {
        "tile_id": 25,
        "average_temperature": 40.6248,
        "min_temperature": 40.6248,
        "max_temperature": 40.6248
      },
      "geometry": {
        "type": "Polygon",
        "coordinates": [
          [
            [
              -115.16719997123994,
              36.11142320909484
            ],
            [
              -115.16607627997872,
              36.111406008253326
            ],
            [
              -115.16605553356294,
              36.11229807140473
            ],
            [
              -115.16717923751867,
              36.112315272805304
            ],
            [
              -115.16719997123994,
              36.11142320909484
            ]
          ]
        ]
      }
    },
    {
      "id": "26",
      "type": "Feature",
      "properties": {
        "tile_id": 26,
        "average_temperature": 40.6119,
        "min_temperature": 40.6119,
        "max_temperature": 40.6119
      },
      "geometry": {
        "type": "Polygon",
        "coordinates": [
          [
            [
              -115.16607627997872,
              36.111406008253326
            ],
            [
              -115.16495258967026,
              36.11138879687979
            ],
            [
              -115.16493183056005,
              36.11228085947179
            ],
            [
              -115.16605553356294,
              36.11229807140473
            ],
            [
              -115.16607627997872,
              36.111406008253326
            ]
          ]
        ]
      }
    },
    {
      "id": "27",
      "type": "Feature",
      "properties": {
        "tile_id": 27,
        "average_temperature": 40.6829,
        "min_temperature": 40.6829,
        "max_temperature": 40.6829
      },
      "geometry": {
        "type": "Polygon",
        "coordinates": [
          [
            [
              -115.17504519183807,
              36.11243538770116
            ],
            [
              -115.17392148122906,
              36.11241826002783
            ],
            [
              -115.17390082276758,
              36.11331032694209
            ],
            [
              -115.17502454607192,
              36.113327455172104
            ],
            [
              -115.17504519183807,
              36.11243538770116
            ]
          ]
        ]
      }
    },
    {
      "id": "28",
      "type": "Feature",
      "properties": {
        "tile_id": 28,
        "average_temperature": 40.6741,
        "min_temperature": 40.6741,
        "max_temperature": 40.6741
      },
      "geometry": {
        "type": "Polygon",
        "coordinates": [
          [
            [
              -115.17392148122906,
              36.11241826002783
            ],
            [
              -115.17279777156881,
              36.11240112182195
            ],
            [
              -115.17277710041199,
              36.1132931881792
            ],
            [
              -115.17390082276758,
              36.11331032694209
            ],
            [
              -115.17392148122906,
              36.11241826002783
            ]
          ]
        ]
      }
    },
    {
      "id": "29",
      "type": "Feature",
      "properties": {
        "tile_id": 29,
        "average_temperature": 40.6646,
        "min_temperature": 40.6646,
        "max_temperature": 40.6646
      },
      "geometry": {
        "type": "Polygon",
        "coordinates": [
          [
            [
              -115.17279777156881,
              36.11240112182195
            ],
            [
              -115.17167406285783,
              36.11238397308355
            ],
            [
              -115.17165337900578,
              36.113276038883434
            ],
            [
              -115.17277710041199,
              36.1132931881792
            ],
            [
              -115.17279777156881,
              36.11240112182195
            ]
          ]
        ]
      }
    },
    {
      "id": "30",
      "type": "Feature",
      "properties": {
        "tile_id": 30,
        "average_temperature": 40.6546,
        "min_temperature": 40.6546,
        "max_temperature": 40.6546
      },
      "geometry": {
        "type": "Polygon",
        "coordinates": [
          [
            [
              -115.17167406285783,
              36.11238397308355
            ],
            [
              -115.17055035509676,
              36.112366813812656
            ],
            [
              -115.17052965854946,
              36.113258879054854
            ],
            [
              -115.17165337900578,
              36.113276038883434
            ],
            [
              -115.17167406285783,
              36.11238397308355
            ]
          ]
        ]
      }
    },
    {
      "id": "31",
      "type": "Feature",
      "properties": {
        "tile_id": 31,
        "average_temperature": 40.6444,
        "min_temperature": 40.6444,
        "max_temperature": 40.6444
      },
      "geometry": {
        "type": "Polygon",
        "coordinates": [
          [
            [
              -115.17055035509676,
              36.112366813812656
            ],
            [
              -115.16942664828616,
              36.11234964400929
            ],
            [
              -115.16940593904366,
              36.11324170869345
            ],
            [
              -115.17052965854946,
              36.113258879054854
            ],
            [
              -115.17055035509676,
              36.112366813812656
            ]
          ]
        ]
      }
    },
    {
      "id": "32",
      "type": "Feature",
      "properties": {
        "tile_id": 32,
        "average_temperature": 40.6342,
        "min_temperature": 40.6342,
        "max_temperature": 40.6342
      },
      "geometry": {
        "type": "Polygon",
        "coordinates": [
          [
            [
              -115.16942664828616,
              36.11234964400929
            ],
            [
              -115.16830294242658,
              36.11233246367351
            ],
            [
              -115.16828222048896,
              36.11322452779927
            ],
            [
              -115.16940593904366,
              36.11324170869345
            ],
            [
              -115.16942664828616,
              36.11234964400929
            ]
          ]
        ]
      }
    },
    {
      "id": "33",
      "type": "Feature",
      "properties": {
        "tile_id": 33,
        "average_temperature": 40.6245,
        "min_temperature": 40.6245,
        "max_temperature": 40.6245
      },
      "geometry": {
        "type": "Polygon",
        "coordinates": [
          [
            [
              -115.16830294242658,
              36.11233246367351
            ],
            [
              -115.16717923751867,
              36.112315272805304
            ],
            [
              -115.16715850288594,
              36.11320733637234
            ],
            [
              -115.16828222048896,
              36.11322452779927
            ],
            [
              -115.16830294242658,
              36.11233246367351
            ]
          ]
        ]
      }
    },
    {
      "id": "34",
      "type": "Feature",
      "properties": {
        "tile_id": 34,
        "average_temperature": 40.6153,
        "min_temperature": 40.6153,
        "max_temperature": 40.6153
      },
      "geometry": {
        "type": "Polygon",
        "coordinates": [
          [
            [
              -115.16717923751867,
              36.112315272805304
            ],
            [
              -115.16605553356294,
              36.11229807140473
            ],
            [
              -115.16603478623516,
              36.11319013441269
            ],
            [
              -115.16715850288591,
              36.11320733637234
            ],
            [
              -115.16717923751867,
              36.112315272805304
            ]
          ]
        ]
      }
    },
    {
      "id": "35",
      "type": "Feature",
      "properties": {
        "tile_id": 35,
        "average_temperature": 40.6072,
        "min_temperature": 40.6072,
        "max_temperature": 40.6072
      },
      "geometry": {
        "type": "Polygon",
        "coordinates": [
          [
            [
              -115.16605553356294,
              36.11229807140473
            ],
            [
              -115.16493183056005,
              36.11228085947179
            ],
            [
              -115.16491107053724,
              36.11317292192035
            ],
            [
              -115.16603478623516,
              36.11319013441269
            ],
            [
              -115.16605553356294,
              36.11229807140473
            ]
          ]
        ]
      }
    },
    {
      "id": "36",
      "type": "Feature",
      "properties": {
        "tile_id": 36,
        "average_temperature": 40.6385,
        "min_temperature": 40.6385,
        "max_temperature": 40.6385
      },
      "geometry": {
        "type": "Polygon",
        "coordinates": [
          [
            [
              -115.17502454607192,
              36.113327455172104
            ],
            [
              -115.17390082276758,
              36.11331032694209
            ],
            [
              -115.17388016339793,
              36.11420239371303
            ],
            [
              -115.17500389939819,
              36.11421952249972
            ],
            [
              -115.17502454607192,
              36.113327455172104
            ]
          ]
        ]
      }
    },
    {
      "id": "37",
      "type": "Feature",
      "properties": {
        "tile_id": 37,
        "average_temperature": 40.6347,
        "min_temperature": 40.6347,
        "max_temperature": 40.6347
      },
      "geometry": {
        "type": "Polygon",
        "coordinates": [
          [
            [
              -115.17390082276758,
              36.11331032694209
            ],
            [
              -115.17277710041199,
              36.1132931881792
            ],
            [
              -115.17275642834649,
              36.11418525439311
            ],
            [
              -115.17388016339793,
              36.11420239371303
            ],
            [
              -115.17390082276758,
              36.11331032694209
            ]
          ]
        ]
      }
    },
    {
      "id": "38",
      "type": "Feature",
      "properties": {
        "tile_id": 38,
        "average_temperature": 40.6304,
        "min_temperature": 40.6304,
        "max_temperature": 40.6304
      },
      "geometry": {
        "type": "Polygon",
        "coordinates": [
          [
            [
              -115.17277710041199,
              36.1132931881792
            ],
            [
              -115.17165337900578,
              36.113276038883434
            ],
            [
              -115.17163269424441,
              36.11416810453997
            ],
            [
              -115.17275642834649,
              36.11418525439311
            ],
            [
              -115.17277710041199,
              36.1132931881792
            ]
          ]
        ]
      }
    },
    {
      "id": "39",
      "type": "Feature",
      "properties": {
        "tile_id": 39,
        "average_temperature": 40.6259,
        "min_temperature": 40.6259,
        "max_temperature": 40.6259
      },
      "geometry": {
        "type": "Polygon",
        "coordinates": [
          [
            [
              -115.17165337900578,
              36.113276038883434
            ],
            [
              -115.17052965854946,
              36.113258879054854
            ],
            [
              -115.17050896109231,
              36.11415094415366
            ],
            [
              -115.17163269424441,
              36.11416810453997
            ],
            [
              -115.17165337900578,
              36.113276038883434
            ]
          ]
        ]
      }
    },
    {
      "id": "40",
      "type": "Feature",
      "properties": {
        "tile_id": 40,
        "average_temperature": 40.6212,
        "min_temperature": 40.6212,
        "max_temperature": 40.6212
      },
      "geometry": {
        "type": "Polygon",
        "coordinates": [
          [
            [
              -115.17052965854946,
              36.113258879054854
            ],
            [
              -115.16940593904366,
              36.11324170869345
            ],
            [
              -115.16938522889077,
              36.11413377323421
            ],
            [
              -115.17050896109231,
              36.11415094415366
            ],
            [
              -115.17052965854946,
              36.113258879054854
            ]
          ]
        ]
      }
    },
    {
      "id": "41",
      "type": "Feature",
      "properties": {
        "tile_id": 41,
        "average_temperature": 40.6164,
        "min_temperature": 40.6164,
        "max_temperature": 40.6164
      },
      "geometry": {
        "type": "Polygon",
        "coordinates": [
          [
            [
              -115.16940593904366,
              36.11324170869345
            ],
            [
              -115.16828222048896,
              36.11322452779927
            ],
            [
              -115.16826149764037,
              36.11411659178163
            ],
            [
              -115.16938522889077,
              36.11413377323421
            ],
            [
              -115.16940593904366,
              36.11324170869345
            ]
          ]
        ]
      }
    },
    {
      "id": "42",
      "type": "Feature",
      "properties": {
        "tile_id": 42,
        "average_temperature": 40.6117,
        "min_temperature": 40.6117,
        "max_temperature": 40.6117
      },
      "geometry": {
        "type": "Polygon",
        "coordinates": [
          [
            [
              -115.16828222048896,
              36.11322452779927
            ],
            [
              -115.16715850288594,
              36.11320733637234
            ],
            [
              -115.1671377673417,
              36.11409939979597
            ],
            [
              -115.16826149764037,
              36.11411659178163
            ],
            [
              -115.16828222048896,
              36.11322452779927
            ]
          ]
        ]
      }
    },
    {
      "id": "43",
      "type": "Feature",
      "properties": {
        "tile_id": 43,
        "average_temperature": 40.6073,
        "min_temperature": 40.6073,
        "max_temperature": 40.6073
      },
      "geometry": {
        "type": "Polygon",
        "coordinates": [
          [
            [
              -115.16715850288591,
              36.11320733637234
            ],
            [
              -115.16603478623516,
              36.11319013441269
            ],
            [
              -115.16601403799534,
              36.114082197277234
            ],
            [
              -115.1671377673417,
              36.11409939979597
            ],
            [
              -115.16715850288591,
              36.11320733637234
            ]
          ]
        ]
      }
    },
    {
      "id": "44",
      "type": "Feature",
      "properties": {
        "tile_id": 44,
        "average_temperature": 40.6033,
        "min_temperature": 40.6033,
        "max_temperature": 40.6033
      },
      "geometry": {
        "type": "Polygon",
        "coordinates": [
          [
            [
              -115.16603478623516,
              36.11319013441269
            ],
            [
              -115.16491107053724,
              36.11317292192035
            ],
            [
              -115.16489030960184,
              36.11406498422547
            ],
            [
              -115.16601403799534,
              36.114082197277234
            ],
            [
              -115.16603478623516,
              36.11319013441269
            ]
          ]
        ]
      }
    },
    {
      "id": "45",
      "type": "Feature",
      "properties": {
        "tile_id": 45,
        "average_temperature": 40.6046,
        "min_temperature": 40.6046,
        "max_temperature": 40.6046
      },
      "geometry": {
        "type": "Polygon",
        "coordinates": [
          [
            [
              -115.17500389939819,
              36.11421952249972
            ],
            [
              -115.17388016339793,
              36.11420239371303
            ],
            [
              -115.17385950312008,
              36.11509446034061
            ],
            [
              -115.1749832518168,
              36.11511158968399
            ],
            [
              -115.17500389939819,
              36.11421952249972
            ]
          ]
        ]
      }
    },
    {
      "id": "46",
      "type": "Feature",
      "properties": {
        "tile_id": 46,
        "average_temperature": 40.6045,
        "min_temperature": 40.6045,
        "max_temperature": 40.6045
      },
      "geometry": {
        "type": "Polygon",
        "coordinates": [
          [
            [
              -115.17388016339793,
              36.11420239371303
            ],
            [
              -115.17275642834649,
              36.11418525439311
            ],
            [
              -115.1727357553722,
              36.115077320463634
            ],
            [
              -115.17385950312008,
              36.11509446034061
            ],
            [
              -115.17388016339793,
              36.11420239371303
            ]
          ]
        ]
      }
    },
    {
      "id": "47",
      "type": "Feature",
      "properties": {
        "tile_id": 47,
        "average_temperature": 40.6042,
        "min_temperature": 40.6042,
        "max_temperature": 40.6042
      },
      "geometry": {
        "type": "Polygon",
        "coordinates": [
          [
            [
              -115.17275642834649,
              36.11418525439311
            ],
            [
              -115.17163269424441,
              36.11416810453997
            ],
            [
              -115.17161200857376,
              36.11506017005311
            ],
            [
              -115.1727357553722,
              36.115077320463634
            ],
            [
              -115.17275642834649,
              36.11418525439311
            ]
          ]
        ]
      }
    },
    {
      "id": "48",
      "type": "Feature",
      "properties": {
        "tile_id": 48,
        "average_temperature": 40.6039,
        "min_temperature": 40.6039,
        "max_temperature": 40.6039
      },
      "geometry": {
        "type": "Polygon",
        "coordinates": [
          [
            [
              -115.17163269424441,
              36.11416810453997
            ],
            [
              -115.17050896109231,
              36.11415094415366
            ],
            [
              -115.17048826272533,
              36.11504300910909
            ],
            [
              -115.17161200857376,
              36.11506017005311
            ],
            [
              -115.17163269424441,
              36.11416810453997
            ]
          ]
        ]
      }
    },
    {
      "id": "49",
      "type": "Feature",
      "properties": {
        "tile_id": 49,
        "average_temperature": 40.6033,
        "min_temperature": 40.6033,
        "max_temperature": 40.6033
      },
      "geometry": {
        "type": "Polygon",
        "coordinates": [
          [
            [
              -115.17050896109231,
              36.11415094415366
            ],
            [
              -115.16938522889077,
              36.11413377323421
            ],
            [
              -115.1693645178275,
              36.11502583763156
            ],
            [
              -115.17048826272533,
              36.11504300910909
            ],
            [
              -115.17050896109231,
              36.11415094415366
            ]
          ]
        ]
      }
    },
    {
      "id": "50",
      "type": "Feature",
      "properties": {
        "tile_id": 50,
        "average_temperature": 40.6027,
        "min_temperature": 40.6027,
        "max_temperature": 40.6027
      },
      "geometry": {
        "type": "Polygon",
        "coordinates": [
          [
            [
              -115.16938522889077,
              36.11413377323421
            ],
            [
              -115.16826149764037,
              36.11411659178163
            ],
            [
              -115.16824077388084,
              36.11500865562058
            ],
            [
              -115.1693645178275,
              36.11502583763156
            ],
            [
              -115.16938522889077,
              36.11413377323421
            ]
          ]
        ]
      }
    },
    {
      "id": "51",
      "type": "Feature",
      "properties": {
        "tile_id": 51,
        "average_temperature": 40.602,
        "min_temperature": 40.602,
        "max_temperature": 40.602
      },
      "geometry": {
        "type": "Polygon",
        "coordinates": [
          [
            [
              -115.16826149764037,
              36.11411659178163
            ],
            [
              -115.1671377673417,
              36.11409939979597
            ],
            [
              -115.16711703088595,
              36.114991463076166
            ],
            [
              -115.16824077388084,
              36.11500865562058
            ],
            [
              -115.16826149764037,
              36.11411659178163
            ]
          ]
        ]
      }
    },
    {
      "id": "52",
      "type": "Feature",
      "properties": {
        "tile_id": 52,
        "average_temperature": 40.6012,
        "min_temperature": 40.6012,
        "max_temperature": 40.6012
      },
      "geometry": {
        "type": "Polygon",
        "coordinates": [
          [
            [
              -115.1671377673417,
              36.11409939979597
            ],
            [
              -115.16601403799534,
              36.114082197277234
            ],
            [
              -115.1659932888434,
              36.11497425999834
            ],
            [
              -115.16711703088595,
              36.114991463076166
            ],
            [
              -115.1671377673417,
              36.11409939979597
            ]
          ]
        ]
      }
    },
    {
      "id": "53",
      "type": "Feature",
      "properties": {
        "tile_id": 53,
        "average_temperature": 40.6005,
        "min_temperature": 40.6005,
        "max_temperature": 40.6005
      },
      "geometry": {
        "type": "Polygon",
        "coordinates": [
          [
            [
              -115.16601403799534,
              36.114082197277234
            ],
            [
              -115.16489030960184,
              36.11406498422547
            ],
            [
              -115.16486954775378,
              36.11495704638713
            ],
            [
              -115.1659932888434,
              36.11497425999834
            ],
            [
              -115.16601403799534,
              36.114082197277234
            ]
          ]
        ]
      }
    },
    {
      "id": "54",
      "type": "Feature",
      "properties": {
        "tile_id": 54,
        "average_temperature": 40.584,
        "min_temperature": 40.584,
        "max_temperature": 40.584
      },
      "geometry": {
        "type": "Polygon",
        "coordinates": [
          [
            [
              -115.1749832518168,
              36.11511158968399
            ],
            [
              -115.17385950312008,
              36.11509446034059
            ],
            [
              -115.17383884193401,
              36.11598652682483
            ],
            [
              -115.17496260332776,
              36.11600365672493
            ],
            [
              -115.1749832518168,
              36.11511158968399
            ]
          ]
        ]
      }
    },
    {
      "id": "55",
      "type": "Feature",
      "properties": {
        "tile_id": 55,
        "average_temperature": 40.5861,
        "min_temperature": 40.5861,
        "max_temperature": 40.5861
      },
      "geometry": {
        "type": "Polygon",
        "coordinates": [
          [
            [
              -115.17385950312008,
              36.11509446034059
            ],
            [
              -115.1727357553722,
              36.11507732046363
            ],
            [
              -115.17271508148916,
              36.11596938639081
            ],
            [
              -115.17383884193401,
              36.11598652682483
            ],
            [
              -115.17385950312008,
              36.11509446034059
            ]
          ]
        ]
      }
    },
    {
      "id": "56",
      "type": "Feature",
      "properties": {
        "tile_id": 56,
        "average_temperature": 40.5882,
        "min_temperature": 40.5882,
        "max_temperature": 40.5882
      },
      "geometry": {
        "type": "Polygon",
        "coordinates": [
          [
            [
              -115.1727357553722,
              36.11507732046363
            ],
            [
              -115.17161200857376,
              36.115060170053106
            ],
            [
              -115.17159132199377,
              36.115952235422895
            ],
            [
              -115.17271508148916,
              36.11596938639081
            ],
            [
              -115.1727357553722,
              36.11507732046363
            ]
          ]
        ]
      }
    },
    {
      "id": "57",
      "type": "Feature",
      "properties": {
        "tile_id": 57,
        "average_temperature": 40.5904,
        "min_temperature": 40.5904,
        "max_temperature": 40.5904
      },
      "geometry": {
        "type": "Polygon",
        "coordinates": [
          [
            [
              -115.17161200857376,
              36.115060170053106
            ],
            [
              -115.17048826272533,
              36.11504300910908
            ],
            [
              -115.17046756344844,
              36.115935073921115
            ],
            [
              -115.17159132199377,
              36.115952235422895
            ],
            [
              -115.17161200857376,
              36.115060170053106
            ]
          ]
        ]
      }
    },
    {
      "id": "58",
      "type": "Feature",
      "properties": {
        "tile_id": 58,
        "average_temperature": 40.5924,
        "min_temperature": 40.5924,
        "max_temperature": 40.5924
      },
      "geometry": {
        "type": "Polygon",
        "coordinates": [
          [
            [
              -115.17048826272533,
              36.11504300910908
            ],
            [
              -115.1693645178275,
              36.115025837631556
            ],
            [
              -115.16934380585374,
              36.115917901885524
            ],
            [
              -115.17046756344844,
              36.115935073921115
            ],
            [
              -115.17048826272533,
              36.11504300910908
            ]
          ]
        ]
      }
    },
    {
      "id": "59",
      "type": "Feature",
      "properties": {
        "tile_id": 59,
        "average_temperature": 40.5944,
        "min_temperature": 40.5944,
        "max_temperature": 40.5944
      },
      "geometry": {
        "type": "Polygon",
        "coordinates": [
          [
            [
              -115.1693645178275,
              36.115025837631556
            ],
            [
              -115.16824077388084,
              36.11500865562058
            ],
            [
              -115.16822004921028,
              36.115900719316116
            ],
            [
              -115.16934380585374,
              36.115917901885524
            ],
            [
              -115.1693645178275,
              36.115025837631556
            ]
          ]
        ]
      }
    },
    {
      "id": "60",
      "type": "Feature",
      "properties": {
        "tile_id": 60,
        "average_temperature": 40.5961,
        "min_temperature": 40.5961,
        "max_temperature": 40.5961
      },
      "geometry": {
        "type": "Polygon",
        "coordinates": [
          [
            [
              -115.16824077388084,
              36.11500865562058
            ],
            [
              -115.16711703088595,
              36.11499146307616
            ],
            [
              -115.16709629351861,
              36.11588352621293
            ],
            [
              -115.16822004921028,
              36.115900719316116
            ],
            [
              -115.16824077388084,
              36.11500865562058
            ]
          ]
        ]
      }
    },
    {
      "id": "61",
      "type": "Feature",
      "properties": {
        "tile_id": 61,
        "average_temperature": 40.5977,
        "min_temperature": 40.5977,
        "max_temperature": 40.5977
      },
      "geometry": {
        "type": "Polygon",
        "coordinates": [
          [
            [
              -115.16711703088595,
              36.11499146307616
            ],
            [
              -115.1659932888434,
              36.114974259998334
            ],
            [
              -115.16597253877933,
              36.11586632257601
            ],
            [
              -115.16709629351861,
              36.11588352621293
            ],
            [
              -115.16711703088595,
              36.11499146307616
            ]
          ]
        ]
      }
    },
    {
      "id": "62",
      "type": "Feature",
      "properties": {
        "tile_id": 62,
        "average_temperature": 40.599,
        "min_temperature": 40.599,
        "max_temperature": 40.599
      },
      "geometry": {
        "type": "Polygon",
        "coordinates": [
          [
            [
              -115.1659932888434,
              36.114974259998334
            ],
            [
              -115.16486954775378,
              36.114957046387126
            ],
            [
              -115.16484878499303,
              36.11584910840536
            ],
            [
              -115.16597253877933,
              36.11586632257601
            ],
            [
              -115.1659932888434,
              36.114974259998334
            ]
          ]
        ]
      }
    },
    {
      "id": "63",
      "type": "Feature",
      "properties": {
        "tile_id": 63,
        "average_temperature": 40.5752,
        "min_temperature": 40.5752,
        "max_temperature": 40.5752
      },
      "geometry": {
        "type": "Polygon",
        "coordinates": [
          [
            [
              -115.17496260332776,
              36.11600365672493
            ],
            [
              -115.17383884193401,
              36.11598652682483
            ],
            [
              -115.17381817983967,
              36.1168785931657
            ],
            [
              -115.174941953931,
              36.11689572362252
            ],
            [
              -115.17496260332776,
              36.11600365672493
            ]
          ]
        ]
      }
    },
    {
      "id": "64",
      "type": "Feature",
      "properties": {
        "tile_id": 64,
        "average_temperature": 40.5783,
        "min_temperature": 40.5783,
        "max_temperature": 40.5783
      },
      "geometry": {
        "type": "Polygon",
        "coordinates": [
          [
            [
              -115.17383884193401,
              36.11598652682483
            ],
            [
              -115.17271508148916,
              36.11596938639081
            ],
            [
              -115.17269440669727,
              36.11686145217461
            ],
            [
              -115.17381817983967,
              36.1168785931657
            ],
            [
              -115.17383884193401,
              36.11598652682483
            ]
          ]
        ]
      }
    },
    {
      "id": "65",
      "type": "Feature",
      "properties": {
        "tile_id": 65,
        "average_temperature": 40.5815,
        "min_temperature": 40.5815,
        "max_temperature": 40.5815
      },
      "geometry": {
        "type": "Polygon",
        "coordinates": [
          [
            [
              -115.17271508148916,
              36.11596938639081
            ],
            [
              -115.17159132199377,
              36.115952235422895
            ],
            [
              -115.17157063450439,
              36.116844300649305
            ],
            [
              -115.17269440669727,
              36.11686145217461
            ],
            [
              -115.17271508148916,
              36.11596938639081
            ]
          ]
        ]
      }
    },
    {
      "id": "66",
      "type": "Feature",
      "properties": {
        "tile_id": 66,
        "average_temperature": 40.5847,
        "min_temperature": 40.5847,
        "max_temperature": 40.5847
      },
      "geometry": {
        "type": "Polygon",
        "coordinates": [
          [
            [
              -115.17159132199377,
              36.115952235422895
            ],
            [
              -115.17046756344844,
              36.115935073921115
            ],
            [
              -115.17044686326159,
              36.11682713858978
            ],
            [
              -115.17157063450439,
              36.116844300649305
            ],
            [
              -115.17159132199377,
              36.115952235422895
            ]
          ]
        ]
      }
    },
    {
      "id": "67",
      "type": "Feature",
      "properties": {
        "tile_id": 67,
        "average_temperature": 40.5879,
        "min_temperature": 40.5879,
        "max_temperature": 40.5879
      },
      "geometry": {
        "type": "Polygon",
        "coordinates": [
          [
            [
              -115.17046756344844,
              36.115935073921115
            ],
            [
              -115.16934380585374,
              36.115917901885524
            ],
            [
              -115.1693230929695,
              36.11680996599608
            ],
            [
              -115.17044686326159,
              36.11682713858978
            ],
            [
              -115.17046756344844,
              36.115935073921115
            ]
          ]
        ]
      }
    },
    {
      "id": "68",
      "type": "Feature",
      "properties": {
        "tile_id": 68,
        "average_temperature": 40.5909,
        "min_temperature": 40.5909,
        "max_temperature": 40.5909
      },
      "geometry": {
        "type": "Polygon",
        "coordinates": [
          [
            [
              -115.16934380585374,
              36.115917901885524
            ],
            [
              -115.16822004921028,
              36.115900719316116
            ],
            [
              -115.16819932362866,
              36.11679278286824
            ],
            [
              -115.1693230929695,
              36.11680996599608
            ],
            [
              -115.16934380585374,
              36.115917901885524
            ]
          ]
        ]
      }
    },
    {
      "id": "69",
      "type": "Feature",
      "properties": {
        "tile_id": 69,
        "average_temperature": 40.5938,
        "min_temperature": 40.5938,
        "max_temperature": 40.5938
      },
      "geometry": {
        "type": "Polygon",
        "coordinates": [
          [
            [
              -115.16822004921028,
              36.115900719316116
            ],
            [
              -115.16709629351861,
              36.11588352621293
            ],
            [
              -115.16707555523966,
              36.11677558920628
            ],
            [
              -115.16819932362866,
              36.11679278286824
            ],
            [
              -115.16822004921028,
              36.115900719316116
            ]
          ]
        ]
      }
    },
    {
      "id": "70",
      "type": "Feature",
      "properties": {
        "tile_id": 70,
        "average_temperature": 40.5964,
        "min_temperature": 40.5964,
        "max_temperature": 40.5964
      },
      "geometry": {
        "type": "Polygon",
        "coordinates": [
          [
            [
              -115.16709629351861,
              36.11588352621293
            ],
            [
              -115.16597253877933,
              36.11586632257601
            ],
            [
              -115.1659517878031,
              36.11675838501023
            ],
            [
              -115.16707555523966,
              36.11677558920628
            ],
            [
              -115.16709629351861,
              36.11588352621293
            ]
          ]
        ]
      }
    },
    {
      "id": "71",
      "type": "Feature",
      "properties": {
        "tile_id": 71,
        "average_temperature": 40.5987,
        "min_temperature": 40.5987,
        "max_temperature": 40.5987
      },
      "geometry": {
        "type": "Polygon",
        "coordinates": [
          [
            [
              -115.16597253877933,
              36.11586632257601
            ],
            [
              -115.16484878499303,
              36.11584910840536
            ],
            [
              -115.16482802131954,
              36.11674117028012
            ],
            [
              -115.1659517878031,
              36.11675838501023
            ],
            [
              -115.16597253877933,
              36.11586632257601
            ]
          ]
        ]
      }
    },
    {
      "id": "72",
      "type": "Feature",
      "properties": {
        "tile_id": 72,
        "average_temperature": 40.5754,
        "min_temperature": 40.5754,
        "max_temperature": 40.5754
      },
      "geometry": {
        "type": "Polygon",
        "coordinates": [
          [
            [
              -115.174941953931,
              36.11689572362252
            ],
            [
              -115.17381817983967,
              36.1168785931657
            ],
            [
              -115.17379751683701,
              36.11777065936322
            ],
            [
              -115.17492130362649,
              36.11778779037679
            ],
            [
              -115.174941953931,
              36.11689572362252
            ]
          ]
        ]
      }
    },
    {
      "id": "73",
      "type": "Feature",
      "properties": {
        "tile_id": 73,
        "average_temperature": 40.5783,
        "min_temperature": 40.5783,
        "max_temperature": 40.5783
      },
      "geometry": {
        "type": "Polygon",
        "coordinates": [
          [
            [
              -115.17381817983967,
              36.1168785931657
            ],
            [
              -115.17269440669727,
              36.11686145217461
            ],
            [
              -115.17267373099652,
              36.11775351781505
            ],
            [
              -115.17379751683701,
              36.11777065936322
            ],
            [
              -115.17381817983967,
              36.1168785931657
            ]
          ]
        ]
      }
    },
    {
      "id": "74",
      "type": "Feature",
      "properties": {
        "tile_id": 74,
        "average_temperature": 40.5815,
        "min_temperature": 40.5815,
        "max_temperature": 40.5815
      },
      "geometry": {
        "type": "Polygon",
        "coordinates": [
          [
            [
              -115.17269440669727,
              36.11686145217461
            ],
            [
              -115.17157063450439,
              36.116844300649305
            ],
            [
              -115.17154994610556,
              36.11773636573232
            ],
            [
              -115.17267373099652,
              36.11775351781505
            ],
            [
              -115.17269440669727,
              36.11686145217461
            ]
          ]
        ]
      }
    },
    {
      "id": "75",
      "type": "Feature",
      "properties": {
        "tile_id": 75,
        "average_temperature": 40.5847,
        "min_temperature": 40.5847,
        "max_temperature": 40.5847
      },
      "geometry": {
        "type": "Polygon",
        "coordinates": [
          [
            [
              -115.17157063450439,
              36.116844300649305
            ],
            [
              -115.17044686326159,
              36.11682713858978
            ],
            [
              -115.17042616216477,
              36.11771920311504
            ],
            [
              -115.17154994610556,
              36.11773636573232
            ],
            [
              -115.17157063450439,
              36.116844300649305
            ]
          ]
        ]
      }
    },
    {
      "id": "76",
      "type": "Feature",
      "properties": {
        "tile_id": 76,
        "average_temperature": 40.5879,
        "min_temperature": 40.5879,
        "max_temperature": 40.5879
      },
      "geometry": {
        "type": "Polygon",
        "coordinates": [
          [
            [
              -115.17044686326159,
              36.11682713858978
            ],
            [
              -115.1693230929695,
              36.11680996599608
            ],
            [
              -115.16930237917468,
              36.11770202996324
            ],
            [
              -115.17042616216477,
              36.11771920311504
            ],
            [
              -115.17044686326159,
              36.11682713858978
            ]
          ]
        ]
      }
    },
    {
      "id": "77",
      "type": "Feature",
      "properties": {
        "tile_id": 77,
        "average_temperature": 40.591,
        "min_temperature": 40.591,
        "max_temperature": 40.591
      },
      "geometry": {
        "type": "Polygon",
        "coordinates": [
          [
            [
              -115.1693230929695,
              36.11680996599608
            ],
            [
              -115.16819932362866,
              36.11679278286824
            ],
            [
              -115.16817859713592,
              36.11768484627695
            ],
            [
              -115.16930237917468,
              36.11770202996324
            ],
            [
              -115.1693230929695,
              36.11680996599608
            ]
          ]
        ]
      }
    },
    {
      "id": "78",
      "type": "Feature",
      "properties": {
        "tile_id": 78,
        "average_temperature": 40.594,
        "min_temperature": 40.594,
        "max_temperature": 40.594
      },
      "geometry": {
        "type": "Polygon",
        "coordinates": [
          [
            [
              -115.16819932362866,
              36.11679278286824
            ],
            [
              -115.16707555523966,
              36.11677558920628
            ],
            [
              -115.16705481604906,
              36.1176676520562
            ],
            [
              -115.16817859713592,
              36.11768484627695
            ],
            [
              -115.16819932362866,
              36.11679278286824
            ]
          ]
        ]
      }
    },
    {
      "id": "79",
      "type": "Feature",
      "properties": {
        "tile_id": 79,
        "average_temperature": 40.5967,
        "min_temperature": 40.5967,
        "max_temperature": 40.5967
      },
      "geometry": {
        "type": "Polygon",
        "coordinates": [
          [
            [
              -115.16707555523966,
              36.11677558920628
            ],
            [
              -115.1659517878031,
              36.11675838501023
            ],
            [
              -115.16593103591465,
              36.117650447301024
            ],
            [
              -115.16705481604906,
              36.1176676520562
            ],
            [
              -115.16707555523966,
              36.11677558920628
            ]
          ]
        ]
      }
    },
    {
      "id": "80",
      "type": "Feature",
      "properties": {
        "tile_id": 80,
        "average_temperature": 40.5991,
        "min_temperature": 40.5991,
        "max_temperature": 40.5991
      },
      "geometry": {
        "type": "Polygon",
        "coordinates": [
          [
            [
              -115.1659517878031,
              36.11675838501023
            ],
            [
              -115.16482802131954,
              36.11674117028012
            ],
            [
              -115.1648072567333,
              36.11763323201144
            ],
            [
              -115.16593103591465,
              36.117650447301024
            ],
            [
              -115.1659517878031,
              36.11675838501023
            ]
          ]
        ]
      }
    },
    {
      "id": "81",
      "type": "Feature",
      "properties": {
        "tile_id": 81,
        "average_temperature": 40.5812,
        "min_temperature": 40.5812,
        "max_temperature": 40.5812
      },
      "geometry": {
        "type": "Polygon",
        "coordinates": [
          [
            [
              -115.17492130362649,
              36.11778779037679
            ],
            [
              -115.17379751683701,
              36.11777065936322
            ],
            [
              -115.173776852926,
              36.11866272541739
            ],
            [
              -115.17490065241418,
              36.1186798569877
            ],
            [
              -115.17492130362649,
              36.11778779037679
            ]
          ]
        ]
      }
    },
    {
      "id": "82",
      "type": "Feature",
      "properties": {
        "tile_id": 82,
        "average_temperature": 40.5835,
        "min_temperature": 40.5835,
        "max_temperature": 40.5835
      },
      "geometry": {
        "type": "Polygon",
        "coordinates": [
          [
            [
              -115.17379751683701,
              36.11777065936322
            ],
            [
              -115.17267373099652,
              36.11775351781505
            ],
            [
              -115.17265305438684,
              36.11864558331213
            ],
            [
              -115.173776852926,
              36.11866272541739
            ],
            [
              -115.17379751683701,
              36.11777065936322
            ]
          ]
        ]
      }
    },
    {
      "id": "83",
      "type": "Feature",
      "properties": {
        "tile_id": 83,
        "average_temperature": 40.5859,
        "min_temperature": 40.5859,
        "max_temperature": 40.5859
      },
      "geometry": {
        "type": "Polygon",
        "coordinates": [
          [
            [
              -115.17267373099652,
              36.11775351781505
            ],
            [
              -115.17154994610556,
              36.11773636573232
            ],
            [
              -115.17152925679727,
              36.11862843067197
            ],
            [
              -115.17265305438684,
              36.11864558331213
            ],
            [
              -115.17267373099652,
              36.11775351781505
            ]
          ]
        ]
      }
    },
    {
      "id": "84",
      "type": "Feature",
      "properties": {
        "tile_id": 84,
        "average_temperature": 40.5884,
        "min_temperature": 40.5884,
        "max_temperature": 40.5884
      },
      "geometry": {
        "type": "Polygon",
        "coordinates": [
          [
            [
              -115.17154994610556,
              36.11773636573232
            ],
            [
              -115.17042616216477,
              36.11771920311504
            ],
            [
              -115.17040546015791,
              36.1186112674969
            ],
            [
              -115.17152925679727,
              36.11862843067197
            ],
            [
              -115.17154994610556,
              36.11773636573232
            ]
          ]
        ]
      }
    },
    {
      "id": "85",
      "type": "Feature",
      "properties": {
        "tile_id": 85,
        "average_temperature": 40.5909,
        "min_temperature": 40.5909,
        "max_temperature": 40.5909
      },
      "geometry": {
        "type": "Polygon",
        "coordinates": [
          [
            [
              -115.17042616216477,
              36.11771920311504
            ],
            [
              -115.16930237917468,
              36.11770202996324
            ],
            [
              -115.16928166446931,
              36.118594093786996
            ],
            [
              -115.17040546015791,
              36.1186112674969
            ],
            [
              -115.17042616216477,
              36.11771920311504
            ]
          ]
        ]
      }
    },
    {
      "id": "86",
      "type": "Feature",
      "properties": {
        "tile_id": 86,
        "average_temperature": 40.5934,
        "min_temperature": 40.5934,
        "max_temperature": 40.5934
      },
      "geometry": {
        "type": "Polygon",
        "coordinates": [
          [
            [
              -115.16930237917468,
              36.11770202996324
            ],
            [
              -115.16817859713592,
              36.11768484627695
            ],
            [
              -115.16815786973207,
              36.11857690954224
            ],
            [
              -115.16928166446931,
              36.118594093786996
            ],
            [
              -115.16930237917468,
              36.11770202996324
            ]
          ]
        ]
      }
    },
    {
      "id": "87",
      "type": "Feature",
      "properties": {
        "tile_id": 87,
        "average_temperature": 40.5957,
        "min_temperature": 40.5957,
        "max_temperature": 40.5957
      },
      "geometry": {
        "type": "Polygon",
        "coordinates": [
          [
            [
              -115.16817859713592,
              36.11768484627695
            ],
            [
              -115.16705481604906,
              36.1176676520562
            ],
            [
              -115.16703407594672,
              36.11855971476269
            ],
            [
              -115.16815786973207,
              36.11857690954224
            ],
            [
              -115.16817859713592,
              36.11768484627695
            ]
          ]
        ]
      }
    },
    {
      "id": "88",
      "type": "Feature",
      "properties": {
        "tile_id": 88,
        "average_temperature": 40.5979,
        "min_temperature": 40.5979,
        "max_temperature": 40.5979
      },
      "geometry": {
        "type": "Polygon",
        "coordinates": [
          [
            [
              -115.16705481604906,
              36.1176676520562
            ],
            [
              -115.16593103591465,
              36.117650447301024
            ],
            [
              -115.16591028311392,
              36.11854250944837
            ],
            [
              -115.16703407594672,
              36.11855971476269
            ],
            [
              -115.16705481604906,
              36.1176676520562
            ]
          ]
        ]
      }
    },
    {
      "id": "89",
      "type": "Feature",
      "properties": {
        "tile_id": 89,
        "average_temperature": 40.5998,
        "min_temperature": 40.5998,
        "max_temperature": 40.5998
      },
      "geometry": {
        "type": "Polygon",
        "coordinates": [
          [
            [
              -115.16593103591465,
              36.117650447301024
            ],
            [
              -115.1648072567333,
              36.11763323201144
            ],
            [
              -115.16478649123421,
              36.118525293599305
            ],
            [
              -115.16591028311392,
              36.11854250944837
            ],
            [
              -115.16593103591465,
              36.117650447301024
            ]
          ]
        ]
      }
    },
    {
      "id": "90",
      "type": "Feature",
      "properties": {
        "tile_id": 90,
        "average_temperature": 40.5897,
        "min_temperature": 40.5897,
        "max_temperature": 40.5897
      },
      "geometry": {
        "type": "Polygon",
        "coordinates": [
          [
            [
              -115.17490065241418,
              36.1186798569877
            ],
            [
              -115.173776852926,
              36.11866272541739
            ],
            [
              -115.17375618810658,
              36.11955479132819
            ],
            [
              -115.17488000029402,
              36.119571923455275
            ],
            [
              -115.17490065241418,
              36.1186798569877
            ]
          ]
        ]
      }
    },
    {
      "id": "91",
      "type": "Feature",
      "properties": {
        "tile_id": 91,
        "average_temperature": 40.591,
        "min_temperature": 40.591,
        "max_temperature": 40.591
      },
      "geometry": {
        "type": "Polygon",
        "coordinates": [
          [
            [
              -115.173776852926,
              36.11866272541739
            ],
            [
              -115.17265305438684,
              36.11864558331213
            ],
            [
              -115.17263237686821,
              36.11953764866584
            ],
            [
              -115.17375618810658,
              36.11955479132819
            ],
            [
              -115.173776852926,
              36.11866272541739
            ]
          ]
        ]
      }
    },
    {
      "id": "92",
      "type": "Feature",
      "properties": {
        "tile_id": 92,
        "average_temperature": 40.5923,
        "min_temperature": 40.5923,
        "max_temperature": 40.5923
      },
      "geometry": {
        "type": "Polygon",
        "coordinates": [
          [
            [
              -115.17265305438684,
              36.11864558331213
            ],
            [
              -115.17152925679727,
              36.11862843067197
            ],
            [
              -115.1715085665795,
              36.119520495468215
            ],
            [
              -115.17263237686821,
              36.11953764866584
            ],
            [
              -115.17265305438684,
              36.11864558331213
            ]
          ]
        ]
      }
    },
    {
      "id": "93",
      "type": "Feature",
      "properties": {
        "tile_id": 93,
        "average_temperature": 40.5937,
        "min_temperature": 40.5937,
        "max_temperature": 40.5937
      },
      "geometry": {
        "type": "Polygon",
        "coordinates": [
          [
            [
              -115.17152925679727,
              36.11862843067197
            ],
            [
              -115.17040546015791,
              36.1186112674969
            ],
            [
              -115.170384757241,
              36.11950333173538
            ],
            [
              -115.1715085665795,
              36.119520495468215
            ],
            [
              -115.17152925679727,
              36.11862843067197
            ]
          ]
        ]
      }
    },
    {
      "id": "94",
      "type": "Feature",
      "properties": {
        "tile_id": 94,
        "average_temperature": 40.5952,
        "min_temperature": 40.5952,
        "max_temperature": 40.5952
      },
      "geometry": {
        "type": "Polygon",
        "coordinates": [
          [
            [
              -115.17040546015791,
              36.1186112674969
            ],
            [
              -115.16928166446931,
              36.118594093786996
            ],
            [
              -115.1692609488533,
              36.119486157467335
            ],
            [
              -115.170384757241,
              36.11950333173538
            ],
            [
              -115.17040546015791,
              36.1186112674969
            ]
          ]
        ]
      }
    },
    {
      "id": "95",
      "type": "Feature",
      "properties": {
        "tile_id": 95,
        "average_temperature": 40.5966,
        "min_temperature": 40.5966,
        "max_temperature": 40.5966
      },
      "geometry": {
        "type": "Polygon",
        "coordinates": [
          [
            [
              -115.16928166446931,
              36.118594093786996
            ],
            [
              -115.16815786973207,
              36.11857690954224
            ],
            [
              -115.168137141417,
              36.119468972664116
            ],
            [
              -115.1692609488533,
              36.119486157467335
            ],
            [
              -115.16928166446931,
              36.118594093786996
            ]
          ]
        ]
      }
    },
    {
      "id": "96",
      "type": "Feature",
      "properties": {
        "tile_id": 96,
        "average_temperature": 40.598,
        "min_temperature": 40.598,
        "max_temperature": 40.598
      },
      "geometry": {
        "type": "Polygon",
        "coordinates": [
          [
            [
              -115.16815786973207,
              36.11857690954224
            ],
            [
              -115.16703407594672,
              36.11855971476269
            ],
            [
              -115.16701333493269,
              36.11945177732576
            ],
            [
              -115.168137141417,
              36.119468972664116
            ],
            [
              -115.16815786973207,
              36.11857690954224
            ]
          ]
        ]
      }
    },
    {
      "id": "97",
      "type": "Feature",
      "properties": {
        "tile_id": 97,
        "average_temperature": 40.5993,
        "min_temperature": 40.5993,
        "max_temperature": 40.5993
      },
      "geometry": {
        "type": "Polygon",
        "coordinates": [
          [
            [
              -115.16703407594672,
              36.11855971476269
            ],
            [
              -115.16591028311392,
              36.11854250944837
            ],
            [
              -115.16588952940093,
              36.11943457145228
            ],
            [
              -115.16701333493266,
              36.11945177732576
            ],
            [
              -115.16703407594672,
              36.11855971476269
            ]
          ]
        ]
      }
    },
    {
      "id": "98",
      "type": "Feature",
      "properties": {
        "tile_id": 98,
        "average_temperature": 40.6005,
        "min_temperature": 40.6005,
        "max_temperature": 40.6005
      },
      "geometry": {
        "type": "Polygon",
        "coordinates": [
          [
            [
              -115.16591028311392,
              36.11854250944837
            ],
            [
              -115.16478649123421,
              36.118525293599305
            ],
            [
              -115.16476572482227,
              36.119417355043716
            ],
            [
              -115.16588952940093,
              36.11943457145228
            ],
            [
              -115.16591028311392,
              36.11854250944837
            ]
          ]
        ]
      }
    },
    {
      "id": "99",
      "type": "Feature",
      "properties": {
        "tile_id": 99,
        "average_temperature": 40.5979,
        "min_temperature": 40.5979,
        "max_temperature": 40.5979
      },
      "geometry": {
        "type": "Polygon",
        "coordinates": [
          [
            [
              -115.17488000029402,
              36.119571923455275
            ],
            [
              -115.17375618810658,
              36.11955479132819
            ],
            [
              -115.17373552237875,
              36.120446857095644
            ],
            [
              -115.17485934726601,
              36.120463989779495
            ],
            [
              -115.17488000029402,
              36.119571923455275
            ]
          ]
        ]
      }
    },
    {
      "id": "100",
      "type": "Feature",
      "properties": {
        "tile_id": 100,
        "average_temperature": 40.5982,
        "min_temperature": 40.5982,
        "max_temperature": 40.5982
      },
      "geometry": {
        "type": "Polygon",
        "coordinates": [
          [
            [
              -115.17375618810658,
              36.11955479132819
            ],
            [
              -115.17263237686821,
              36.11953764866584
            ],
            [
              -115.1726116984406,
              36.12042971387618
            ],
            [
              -115.17373552237875,
              36.120446857095644
            ],
            [
              -115.17375618810658,
              36.11955479132819
            ]
          ]
        ]
      }
    },
    {
      "id": "101",
      "type": "Feature",
      "properties": {
        "tile_id": 101,
        "average_temperature": 40.5985,
        "min_temperature": 40.5985,
        "max_temperature": 40.5985
      },
      "geometry": {
        "type": "Polygon",
        "coordinates": [
          [
            [
              -115.17263237686821,
              36.11953764866584
            ],
            [
              -115.1715085665795,
              36.119520495468215
            ],
            [
              -115.17148787545214,
              36.120412560121096
            ],
            [
              -115.1726116984406,
              36.12042971387618
            ],
            [
              -115.17263237686821,
              36.11953764866584
            ]
          ]
        ]
      }
    },
    {
      "id": "102",
      "type": "Feature",
      "properties": {
        "tile_id": 102,
        "average_temperature": 40.5988,
        "min_temperature": 40.5988,
        "max_temperature": 40.5988
      },
      "geometry": {
        "type": "Polygon",
        "coordinates": [
          [
            [
              -115.1715085665795,
              36.119520495468215
            ],
            [
              -115.170384757241,
              36.11950333173538
            ],
            [
              -115.17036405341396,
              36.12039539583046
            ],
            [
              -115.17148787545214,
              36.120412560121096
            ],
            [
              -115.1715085665795,
              36.119520495468215
            ]
          ]
        ]
      }
    },
    {
      "id": "103",
      "type": "Feature",
      "properties": {
        "tile_id": 103,
        "average_temperature": 40.5992,
        "min_temperature": 40.5992,
        "max_temperature": 40.5992
      },
      "geometry": {
        "type": "Polygon",
        "coordinates": [
          [
            [
              -115.170384757241,
              36.11950333173538
            ],
            [
              -115.1692609488533,
              36.119486157467335
            ],
            [
              -115.16924023232663,
              36.120378221004266
            ],
            [
              -115.17036405341396,
              36.12039539583046
            ],
            [
              -115.170384757241,
              36.11950333173538
            ]
          ]
        ]
      }
    },
    {
      "id": "104",
      "type": "Feature",
      "properties": {
        "tile_id": 104,
        "average_temperature": 40.5995,
        "min_temperature": 40.5995,
        "max_temperature": 40.5995
      },
      "geometry": {
        "type": "Polygon",
        "coordinates": [
          [
            [
              -115.1692609488533,
              36.119486157467335
            ],
            [
              -115.168137141417,
              36.119468972664116
            ],
            [
              -115.16811641219071,
              36.12036103564257
            ],
            [
              -115.16924023232663,
              36.120378221004266
            ],
            [
              -115.1692609488533,
              36.119486157467335
            ]
          ]
        ]
      }
    },
    {
      "id": "105",
      "type": "Feature",
      "properties": {
        "tile_id": 105,
        "average_temperature": 40.5999,
        "min_temperature": 40.5999,
        "max_temperature": 40.5999
      },
      "geometry": {
        "type": "Polygon",
        "coordinates": [
          [
            [
              -115.168137141417,
              36.119468972664116
            ],
            [
              -115.16701333493269,
              36.11945177732576
            ],
            [
              -115.16699259300684,
              36.12034383974538
            ],
            [
              -115.16811641219071,
              36.12036103564257
            ],
            [
              -115.168137141417,
              36.119468972664116
            ]
          ]
        ]
      }
    },
    {
      "id": "106",
      "type": "Feature",
      "properties": {
        "tile_id": 106,
        "average_temperature": 40.6003,
        "min_temperature": 40.6003,
        "max_temperature": 40.6003
      },
      "geometry": {
        "type": "Polygon",
        "coordinates": [
          [
            [
              -115.16701333493266,
              36.11945177732576
            ],
            [
              -115.16588952940093,
              36.11943457145228
            ],
            [
              -115.16586877477557,
              36.12032663331273
            ],
            [
              -115.16699259300684,
              36.12034383974538
            ],
            [
              -115.16701333493266,
              36.11945177732576
            ]
          ]
        ]
      }
    },
    {
      "id": "107",
      "type": "Feature",
      "properties": {
        "tile_id": 107,
        "average_temperature": 40.6007,
        "min_temperature": 40.6007,
        "max_temperature": 40.6007
      },
      "geometry": {
        "type": "Polygon",
        "coordinates": [
          [
            [
              -115.16588952940093,
              36.11943457145228
            ],
            [
              -115.16476572482227,
              36.119417355043716
            ],
            [
              -115.16474495749746,
              36.120309416344654
            ],
            [
              -115.16586877477557,
              36.12032663331273
            ],
            [
              -115.16588952940093,
              36.11943457145228
            ]
          ]
        ]
      }
    },
    {
      "id": "108",
      "type": "Feature",
      "properties": {
        "tile_id": 108,
        "average_temperature": 40.603,
        "min_temperature": 40.603,
        "max_temperature": 40.603
      },
      "geometry": {
        "type": "Polygon",
        "coordinates": [
          [
            [
              -115.17485934726601,
              36.120463989779495
            ],
            [
              -115.17373552237875,
              36.120446857095644
            ],
            [
              -115.17371485574243,
              36.121338922719744
            ],
            [
              -115.17483869333003,
              36.121356055960376
            ],
            [
              -115.17485934726601,
              36.120463989779495
            ]
          ]
        ]
      }
    },
    {
      "id": "109",
      "type": "Feature",
      "properties": {
        "tile_id": 109,
        "average_temperature": 40.6025,
        "min_temperature": 40.6025,
        "max_temperature": 40.6025
      },
      "geometry": {
        "type": "Polygon",
        "coordinates": [
          [
            [
              -115.17373552237875,
              36.120446857095644
            ],
            [
              -115.1726116984406,
              36.12042971387618
            ],
            [
              -115.17259101910396,
              36.12132177894315
            ],
            [
              -115.17371485574243,
              36.121338922719744
            ],
            [
              -115.17373552237875,
              36.120446857095644
            ]
          ]
        ]
      }
    },
    {
      "id": "110",
      "type": "Feature",
      "properties": {
        "tile_id": 110,
        "average_temperature": 40.6021,
        "min_temperature": 40.6021,
        "max_temperature": 40.6021
      },
      "geometry": {
        "type": "Polygon",
        "coordinates": [
          [
            [
              -115.1726116984406,
              36.12042971387618
            ],
            [
              -115.17148787545214,
              36.120412560121096
            ],
            [
              -115.17146718341522,
              36.12130462463059
            ],
            [
              -115.17259101910396,
              36.12132177894315
            ],
            [
              -115.1726116984406,
              36.12042971387618
            ]
          ]
        ]
      }
    },
    {
      "id": "111",
      "type": "Feature",
      "properties": {
        "tile_id": 111,
        "average_temperature": 40.6017,
        "min_temperature": 40.6017,
        "max_temperature": 40.6017
      },
      "geometry": {
        "type": "Polygon",
        "coordinates": [
          [
            [
              -115.17148787545214,
              36.120412560121096
            ],
            [
              -115.17036405341396,
              36.12039539583046
            ],
            [
              -115.17034334867678,
              36.12128745978214
            ],
            [
              -115.17146718341522,
              36.12130462463059
            ],
            [
              -115.17148787545214,
              36.120412560121096
            ]
          ]
        ]
      }
    },
    {
      "id": "112",
      "type": "Feature",
      "properties": {
        "tile_id": 112,
        "average_temperature": 40.6013,
        "min_temperature": 40.6013,
        "max_temperature": 40.6013
      },
      "geometry": {
        "type": "Polygon",
        "coordinates": [
          [
            [
              -115.17036405341396,
              36.12039539583046
            ],
            [
              -115.16924023232663,
              36.120378221004266
            ],
            [
              -115.16921951488924,
              36.121270284397795
            ],
            [
              -115.17034334867678,
              36.12128745978214
            ],
            [
              -115.17036405341396,
              36.12039539583046
            ]
          ]
        ]
      }
    },
    {
      "id": "113",
      "type": "Feature",
      "properties": {
        "tile_id": 113,
        "average_temperature": 40.6009,
        "min_temperature": 40.6009,
        "max_temperature": 40.6009
      },
      "geometry": {
        "type": "Polygon",
        "coordinates": [
          [
            [
              -115.16924023232663,
              36.120378221004266
            ],
            [
              -115.16811641219071,
              36.12036103564257
            ],
            [
              -115.16809568205319,
              36.121253098477595
            ],
            [
              -115.16921951488924,
              36.121270284397795
            ],
            [
              -115.16924023232663,
              36.120378221004266
            ]
          ]
        ]
      }
    },
    {
      "id": "114",
      "type": "Feature",
      "properties": {
        "tile_id": 114,
        "average_temperature": 40.6006,
        "min_temperature": 40.6006,
        "max_temperature": 40.6006
      },
      "geometry": {
        "type": "Polygon",
        "coordinates": [
          [
            [
              -115.16811641219071,
              36.12036103564257
            ],
            [
              -115.16699259300684,
              36.12034383974538
            ],
            [
              -115.16697185016918,
              36.12123590202157
            ],
            [
              -115.16809568205319,
              36.121253098477595
            ],
            [
              -115.16811641219071,
              36.12036103564257
            ]
          ]
        ]
      }
    },
    {
      "id": "115",
      "type": "Feature",
      "properties": {
        "tile_id": 115,
        "average_temperature": 40.6003,
        "min_temperature": 40.6003,
        "max_temperature": 40.6003
      },
      "geometry": {
        "type": "Polygon",
        "coordinates": [
          [
            [
              -115.16699259300684,
              36.12034383974538
            ],
            [
              -115.16586877477557,
              36.12032663331273
            ],
            [
              -115.16584801923783,
              36.121218695029754
            ],
            [
              -115.16697185016918,
              36.12123590202157
            ],
            [
              -115.16699259300684,
              36.12034383974538
            ]
          ]
        ]
      }
    },
    {
      "id": "116",
      "type": "Feature",
      "properties": {
        "tile_id": 116,
        "average_temperature": 40.6001,
        "min_temperature": 40.6001,
        "max_temperature": 40.6001
      },
      "geometry": {
        "type": "Polygon",
        "coordinates": [
          [
            [
              -115.16586877477557,
              36.12032663331273
            ],
            [
              -115.16474495749746,
              36.120309416344654
            ],
            [
              -115.16472418925972,
              36.12120147750214
            ],
            [
              -115.16584801923783,
              36.121218695029754
            ],
            [
              -115.16586877477557,
              36.12032663331273
            ]
          ]
        ]
      }
    },
    {
      "id": "117",
      "type": "Feature",
      "properties": {
        "tile_id": 117,
        "average_temperature": 40.6043,
        "min_temperature": 40.6043,
        "max_temperature": 40.6043
      },
      "geometry": {
        "type": "Polygon",
        "coordinates": [
          [
            [
              -115.17483869333003,
              36.121356055960376
            ],
            [
              -115.17371485574243,
              36.121338922719744
            ],
            [
              -115.1736941881976,
              36.12223098820047
            ],
            [
              -115.17481803848614,
              36.12224812199789
            ],
            [
              -115.17483869333003,
              36.121356055960376
            ]
          ]
        ]
      }
    },
    {
      "id": "118",
      "type": "Feature",
      "properties": {
        "tile_id": 118,
        "average_temperature": 40.6035,
        "min_temperature": 40.6035,
        "max_temperature": 40.6035
      },
      "geometry": {
        "type": "Polygon",
        "coordinates": [
          [
            [
              -115.17371485574243,
              36.121338922719744
            ],
            [
              -115.17259101910396,
              36.12132177894315
            ],
            [
              -115.17257033885822,
              36.122213843866724
            ],
            [
              -115.1736941881976,
              36.12223098820047
            ],
            [
              -115.17371485574243,
              36.121338922719744
            ]
          ]
        ]
      }
    },
    {
      "id": "119",
      "type": "Feature",
      "properties": {
        "tile_id": 119,
        "average_temperature": 40.6027,
        "min_temperature": 40.6027,
        "max_temperature": 40.6027
      },
      "geometry": {
        "type": "Polygon",
        "coordinates": [
          [
            [
              -115.17259101910396,
              36.12132177894315
            ],
            [
              -115.17146718341522,
              36.12130462463059
            ],
            [
              -115.17144649046865,
              36.1221966889967
            ],
            [
              -115.17257033885822,
              36.122213843866724
            ],
            [
              -115.17259101910396,
              36.12132177894315
            ]
          ]
        ]
      }
    },
    {
      "id": "120",
      "type": "Feature",
      "properties": {
        "tile_id": 120,
        "average_temperature": 40.602,
        "min_temperature": 40.602,
        "max_temperature": 40.602
      },
      "geometry": {
        "type": "Polygon",
        "coordinates": [
          [
            [
              -115.17146718341522,
              36.12130462463059
            ],
            [
              -115.17034334867678,
              36.12128745978214
            ],
            [
              -115.17032264302942,
              36.122179523590425
            ],
            [
              -115.17144649046865,
              36.1221966889967
            ],
            [
              -115.17146718341522,
              36.12130462463059
            ]
          ]
        ]
      }
    },
    {
      "id": "121",
      "type": "Feature",
      "properties": {
        "tile_id": 121,
        "average_temperature": 40.6012,
        "min_temperature": 40.6012,
        "max_temperature": 40.6012
      },
      "geometry": {
        "type": "Polygon",
        "coordinates": [
          [
            [
              -115.17034334867678,
              36.12128745978214
            ],
            [
              -115.16921951488924,
              36.121270284397795
            ],
            [
              -115.16919879654111,
              36.12216234764791
            ],
            [
              -115.17032264302942,
              36.122179523590425
            ],
            [
              -115.17034334867678,
              36.12128745978214
            ]
          ]
        ]
      }
    },
    {
      "id": "122",
      "type": "Feature",
      "properties": {
        "tile_id": 122,
        "average_temperature": 40.6004,
        "min_temperature": 40.6004,
        "max_temperature": 40.6004
      },
      "geometry": {
        "type": "Polygon",
        "coordinates": [
          [
            [
              -115.16921951488924,
              36.121270284397795
            ],
            [
              -115.16809568205319,
              36.121253098477595
            ],
            [
              -115.16807495100436,
              36.1221451611692
            ],
            [
              -115.16919879654111,
              36.12216234764791
            ],
            [
              -115.16921951488924,
              36.121270284397795
            ]
          ]
        ]
      }
    },
    {
      "id": "123",
      "type": "Feature",
      "properties": {
        "tile_id": 123,
        "average_temperature": 40.5998,
        "min_temperature": 40.5998,
        "max_temperature": 40.5998
      },
      "geometry": {
        "type": "Polygon",
        "coordinates": [
          [
            [
              -115.16809568205319,
              36.121253098477595
            ],
            [
              -115.16697185016918,
              36.12123590202157
            ],
            [
              -115.16695110641967,
              36.12212796415433
            ],
            [
              -115.16807495100436,
              36.1221451611692
            ],
            [
              -115.16809568205319,
              36.121253098477595
            ]
          ]
        ]
      }
    },
    {
      "id": "124",
      "type": "Feature",
      "properties": {
        "tile_id": 124,
        "average_temperature": 40.5991,
        "min_temperature": 40.5991,
        "max_temperature": 40.5991
      },
      "geometry": {
        "type": "Polygon",
        "coordinates": [
          [
            [
              -115.16697185016918,
              36.12123590202157
            ],
            [
              -115.16584801923783,
              36.121218695029754
            ],
            [
              -115.16582726278769,
              36.122110756603306
            ],
            [
              -115.16695110641967,
              36.12212796415433
            ],
            [
              -115.16697185016918,
              36.12123590202157
            ]
          ]
        ]
      }
    },
    {
      "id": "125",
      "type": "Feature",
      "properties": {
        "tile_id": 125,
        "average_temperature": 40.5986,
        "min_temperature": 40.5986,
        "max_temperature": 40.5986
      },
      "geometry": {
        "type": "Polygon",
        "coordinates": [
          [
            [
              -115.16584801923783,
              36.121218695029754
            ],
            [
              -115.16472418925972,
              36.12120147750214
            ],
            [
              -115.16470342010896,
              36.122093538516175
            ],
            [
              -115.16582726278769,
              36.122110756603306
            ],
            [
              -115.16584801923783,
              36.121218695029754
            ]
          ]
        ]
      }
    },
    {
      "id": "126",
      "type": "Feature",
      "properties": {
        "tile_id": 126,
        "average_temperature": 40.6029,
        "min_temperature": 40.6029,
        "max_temperature": 40.6029
      },
      "geometry": {
        "type": "Polygon",
        "coordinates": [
          [
            [
              -115.17481803848614,
              36.12224812199789
            ],
            [
              -115.1736941881976,
              36.12223098820047
            ],
            [
              -115.17367351974418,
              36.12312305353783
            ],
            [
              -115.17479738273423,
              36.12314018789207
            ],
            [
              -115.17481803848614,
              36.12224812199789
            ]
          ]
        ]
      }
    },
    {
      "id": "127",
      "type": "Feature",
      "properties": {
        "tile_id": 127,
        "average_temperature": 40.6021,
        "min_temperature": 40.6021,
        "max_temperature": 40.6021
      },
      "geometry": {
        "type": "Polygon",
        "coordinates": [
          [
            [
              -115.1736941881976,
              36.12223098820047
            ],
            [
              -115.17257033885822,
              36.122213843866724
            ],
            [
              -115.1725496577034,
              36.12310590864693
            ],
            [
              -115.17367351974418,
              36.12312305353783
            ],
            [
              -115.1736941881976,
              36.12223098820047
            ]
          ]
        ]
      }
    },
    {
      "id": "128",
      "type": "Feature",
      "properties": {
        "tile_id": 128,
        "average_temperature": 40.6012,
        "min_temperature": 40.6012,
        "max_temperature": 40.6012
      },
      "geometry": {
        "type": "Polygon",
        "coordinates": [
          [
            [
              -115.17257033885822,
              36.122213843866724
            ],
            [
              -115.17144649046865,
              36.1221966889967
            ],
            [
              -115.17142579661241,
              36.12308875321941
            ],
            [
              -115.1725496577034,
              36.12310590864693
            ],
            [
              -115.17257033885822,
              36.122213843866724
            ]
          ]
        ]
      }
    },
    {
      "id": "129",
      "type": "Feature",
      "properties": {
        "tile_id": 129,
        "average_temperature": 40.6004,
        "min_temperature": 40.6004,
        "max_temperature": 40.6004
      },
      "geometry": {
        "type": "Polygon",
        "coordinates": [
          [
            [
              -115.17144649046865,
              36.1221966889967
            ],
            [
              -115.17032264302942,
              36.122179523590425
            ],
            [
              -115.17030193647182,
              36.12307158725529
            ],
            [
              -115.17142579661241,
              36.12308875321941
            ],
            [
              -115.17144649046865,
              36.1221966889967
            ]
          ]
        ]
      }
    },
    {
      "id": "130",
      "type": "Feature",
      "properties": {
        "tile_id": 130,
        "average_temperature": 40.5995,
        "min_temperature": 40.5995,
        "max_temperature": 40.5995
      },
      "geometry": {
        "type": "Polygon",
        "coordinates": [
          [
            [
              -115.17032264302942,
              36.122179523590425
            ],
            [
              -115.16919879654111,
              36.12216234764791
            ],
            [
              -115.16917807728221,
              36.123054410754605
            ],
            [
              -115.17030193647182,
              36.12307158725529
            ],
            [
              -115.17032264302942,
              36.122179523590425
            ]
          ]
        ]
      }
    },
    {
      "id": "131",
      "type": "Feature",
      "properties": {
        "tile_id": 131,
        "average_temperature": 40.5987,
        "min_temperature": 40.5987,
        "max_temperature": 40.5987
      },
      "geometry": {
        "type": "Polygon",
        "coordinates": [
          [
            [
              -115.16919879654111,
              36.12216234764791
            ],
            [
              -115.16807495100436,
              36.1221451611692
            ],
            [
              -115.16805421904414,
              36.123037223717375
            ],
            [
              -115.16917807728221,
              36.123054410754605
            ],
            [
              -115.16919879654111,
              36.12216234764791
            ]
          ]
        ]
      }
    },
    {
      "id": "132",
      "type": "Feature",
      "properties": {
        "tile_id": 132,
        "average_temperature": 40.5979,
        "min_temperature": 40.5979,
        "max_temperature": 40.5979
      },
      "geometry": {
        "type": "Polygon",
        "coordinates": [
          [
            [
              -115.16807495100436,
              36.1221451611692
            ],
            [
              -115.16695110641967,
              36.12212796415433
            ],
            [
              -115.16693036175826,
              36.12302002614363
            ],
            [
              -115.16805421904414,
              36.123037223717375
            ],
            [
              -115.16807495100436,
              36.1221451611692
            ]
          ]
        ]
      }
    },
    {
      "id": "133",
      "type": "Feature",
      "properties": {
        "tile_id": 133,
        "average_temperature": 40.5972,
        "min_temperature": 40.5972,
        "max_temperature": 40.5972
      },
      "geometry": {
        "type": "Polygon",
        "coordinates": [
          [
            [
              -115.16695110641967,
              36.12212796415433
            ],
            [
              -115.16582726278769,
              36.122110756603306
            ],
            [
              -115.16580650542507,
              36.123002818033406
            ],
            [
              -115.16693036175826,
              36.12302002614363
            ],
            [
              -115.16695110641967,
              36.12212796415433
            ]
          ]
        ]
      }
    },
    {
      "id": "134",
      "type": "Feature",
      "properties": {
        "tile_id": 134,
        "average_temperature": 40.5966,
        "min_temperature": 40.5966,
        "max_temperature": 40.5966
      },
      "geometry": {
        "type": "Polygon",
        "coordinates": [
          [
            [
              -115.16582726278769,
              36.122110756603306
            ],
            [
              -115.16470342010896,
              36.122093538516175
            ],
            [
              -115.16468265004521,
              36.12298559938673
            ],
            [
              -115.16580650542507,
              36.123002818033406
            ],
            [
              -115.16582726278769,
              36.122110756603306
            ]
          ]
        ]
      }
    },
    {
      "id": "135",
      "type": "Feature",
      "properties": {
        "tile_id": 135,
        "average_temperature": 40.5997,
        "min_temperature": 40.5997,
        "max_temperature": 40.5997
      },
      "geometry": {
        "type": "Polygon",
        "coordinates": [
          [
            [
              -115.17479738273423,
              36.12314018789207
            ],
            [
              -115.17367351974418,
              36.12312305353783
            ],
            [
              -115.17365285038221,
              36.124015118731826
            ],
            [
              -115.17477672607428,
              36.124032253642895
            ],
            [
              -115.17479738273423,
              36.12314018789207
            ]
          ]
        ]
      }
    },
    {
      "id": "136",
      "type": "Feature",
      "properties": {
        "tile_id": 136,
        "average_temperature": 40.599,
        "min_temperature": 40.599,
        "max_temperature": 40.599
      },
      "geometry": {
        "type": "Polygon",
        "coordinates": [
          [
            [
              -115.17367351974418,
              36.12312305353783
            ],
            [
              -115.1725496577034,
              36.12310590864693
            ],
            [
              -115.17252897563941,
              36.12399797328377
            ],
            [
              -115.17365285038221,
              36.124015118731826
            ],
            [
              -115.17367351974418,
              36.12312305353783
            ]
          ]
        ]
      }
    },
    {
      "id": "137",
      "type": "Feature",
      "properties": {
        "tile_id": 137,
        "average_temperature": 40.5983,
        "min_temperature": 40.5983,
        "max_temperature": 40.5983
      },
      "geometry": {
        "type": "Polygon",
        "coordinates": [
          [
            [
              -115.1725496577034,
              36.12310590864693
            ],
            [
              -115.17142579661241,
              36.12308875321941
            ],
            [
              -115.17140510184645,
              36.123980817298744
            ],
            [
              -115.17252897563941,
              36.12399797328377
            ],
            [
              -115.1725496577034,
              36.12310590864693
            ]
          ]
        ]
      }
    },
    {
      "id": "138",
      "type": "Feature",
      "properties": {
        "tile_id": 138,
        "average_temperature": 40.5976,
        "min_temperature": 40.5976,
        "max_temperature": 40.5976
      },
      "geometry": {
        "type": "Polygon",
        "coordinates": [
          [
            [
              -115.17142579661241,
              36.12308875321941
            ],
            [
              -115.17030193647182,
              36.12307158725529
            ],
            [
              -115.17028122900393,
              36.123963650776766
            ],
            [
              -115.17140510184645,
              36.123980817298744
            ],
            [
              -115.17142579661241,
              36.12308875321941
            ]
          ]
        ]
      }
    },
    {
      "id": "139",
      "type": "Feature",
      "properties": {
        "tile_id": 139,
        "average_temperature": 40.5968,
        "min_temperature": 40.5968,
        "max_temperature": 40.5968
      },
      "geometry": {
        "type": "Polygon",
        "coordinates": [
          [
            [
              -115.17030193647182,
              36.12307158725529
            ],
            [
              -115.16917807728221,
              36.123054410754605
            ],
            [
              -115.16915735711247,
              36.123946473717886
            ],
            [
              -115.17028122900393,
              36.123963650776766
            ],
            [
              -115.17030193647182,
              36.12307158725529
            ]
          ]
        ]
      }
    },
    {
      "id": "140",
      "type": "Feature",
      "properties": {
        "tile_id": 140,
        "average_temperature": 40.5961,
        "min_temperature": 40.5961,
        "max_temperature": 40.5961
      },
      "geometry": {
        "type": "Polygon",
        "coordinates": [
          [
            [
              -115.16917807728221,
              36.123054410754605
            ],
            [
              -115.16805421904414,
              36.123037223717375
            ],
            [
              -115.16803348617256,
              36.12392928612213
            ],
            [
              -115.16915735711247,
              36.123946473717886
            ],
            [
              -115.16917807728221,
              36.123054410754605
            ]
          ]
        ]
      }
    },
    {
      "id": "141",
      "type": "Feature",
      "properties": {
        "tile_id": 141,
        "average_temperature": 40.5955,
        "min_temperature": 40.5955,
        "max_temperature": 40.5955
      },
      "geometry": {
        "type": "Polygon",
        "coordinates": [
          [
            [
              -115.16805421904414,
              36.123037223717375
            ],
            [
              -115.16693036175826,
              36.12302002614363
            ],
            [
              -115.16690961618487,
              36.12391208798952
            ],
            [
              -115.16803348617256,
              36.12392928612213
            ],
            [
              -115.16805421904414,
              36.123037223717375
            ]
          ]
        ]
      }
    },
    {
      "id": "142",
      "type": "Feature",
      "properties": {
        "tile_id": 142,
        "average_temperature": 40.5949,
        "min_temperature": 40.5949,
        "max_temperature": 40.5949
      },
      "geometry": {
        "type": "Polygon",
        "coordinates": [
          [
            [
              -115.16693036175826,
              36.12302002614363
            ],
            [
              -115.16580650542507,
              36.123002818033406
            ],
            [
              -115.16578574714997,
              36.123894879320076
            ],
            [
              -115.16690961618487,
              36.12391208798952
            ],
            [
              -115.16693036175826,
              36.12302002614363
            ]
          ]
        ]
      }
    },
    {
      "id": "143",
      "type": "Feature",
      "properties": {
        "tile_id": 143,
        "average_temperature": 40.5944,
        "min_temperature": 40.5944,
        "max_temperature": 40.5944
      },
      "geometry": {
        "type": "Polygon",
        "coordinates": [
          [
            [
              -115.16580650542507,
              36.123002818033406
            ],
            [
              -115.16468265004521,
              36.12298559938673
            ],
            [
              -115.16466187906839,
              36.12387766011383
            ],
            [
              -115.16578574714997,
              36.123894879320076
            ],
            [
              -115.16580650542507,
              36.123002818033406
            ]
          ]
        ]
      }
    },
    {
      "id": "144",
      "type": "Feature",
      "properties": {
        "tile_id": 144,
        "average_temperature": 40.5956,
        "min_temperature": 40.5956,
        "max_temperature": 40.5956
      },
      "geometry": {
        "type": "Polygon",
        "coordinates": [
          [
            [
              -115.17477672607428,
              36.124032253642895
            ],
            [
              -115.17365285038221,
              36.124015118731826
            ],
            [
              -115.17363218011158,
              36.12490718378245
            ],
            [
              -115.17475606850626,
              36.12492431925035
            ],
            [
              -115.17477672607428,
              36.124032253642895
            ]
          ]
        ]
      }
    },
    {
      "id": "145",
      "type": "Feature",
      "properties": {
        "tile_id": 145,
        "average_temperature": 40.5952,
        "min_temperature": 40.5952,
        "max_temperature": 40.5952
      },
      "geometry": {
        "type": "Polygon",
        "coordinates": [
          [
            [
              -115.17365285038221,
              36.124015118731826
            ],
            [
              -115.17252897563941,
              36.12399797328377
            ],
            [
              -115.17250829266622,
              36.12489003777722
            ],
            [
              -115.17363218011158,
              36.12490718378245
            ],
            [
              -115.17365285038221,
              36.124015118731826
            ]
          ]
        ]
      }
    },
    {
      "id": "146",
      "type": "Feature",
      "properties": {
        "tile_id": 146,
        "average_temperature": 40.5947,
        "min_temperature": 40.5947,
        "max_temperature": 40.5947
      },
      "geometry": {
        "type": "Polygon",
        "coordinates": [
          [
            [
              -115.17252897563941,
              36.12399797328377
            ],
            [
              -115.17140510184645,
              36.123980817298744
            ],
            [
              -115.17138440617074,
              36.12487288123467
            ],
            [
              -115.17250829266622,
              36.12489003777722
            ],
            [
              -115.17252897563941,
              36.12399797328377
            ]
          ]
        ]
      }
    },
    {
      "id": "147",
      "type": "Feature",
      "properties": {
        "tile_id": 147,
        "average_temperature": 40.5942,
        "min_temperature": 40.5942,
        "max_temperature": 40.5942
      },
      "geometry": {
        "type": "Polygon",
        "coordinates": [
          [
            [
              -115.17140510184645,
              36.123980817298744
            ],
            [
              -115.17028122900393,
              36.123963650776766
            ],
            [
              -115.17026052062576,
              36.12485571415485
            ],
            [
              -115.17138440617074,
              36.12487288123467
            ],
            [
              -115.17140510184645,
              36.123980817298744
            ]
          ]
        ]
      }
    },
    {
      "id": "148",
      "type": "Feature",
      "properties": {
        "tile_id": 148,
        "average_temperature": 40.5938,
        "min_temperature": 40.5938,
        "max_temperature": 40.5938
      },
      "geometry": {
        "type": "Polygon",
        "coordinates": [
          [
            [
              -115.17028122900393,
              36.123963650776766
            ],
            [
              -115.16915735711247,
              36.123946473717886
            ],
            [
              -115.16913663603184,
              36.124838536537766
            ],
            [
              -115.17026052062576,
              36.12485571415485
            ],
            [
              -115.17028122900393,
              36.123963650776766
            ]
          ]
        ]
      }
    },
    {
      "id": "149",
      "type": "Feature",
      "properties": {
        "tile_id": 149,
        "average_temperature": 40.5933,
        "min_temperature": 40.5933,
        "max_temperature": 40.5933
      },
      "geometry": {
        "type": "Polygon",
        "coordinates": [
          [
            [
              -115.16915735711247,
              36.123946473717886
            ],
            [
              -115.16803348617256,
              36.12392928612213
            ],
            [
              -115.16801275238956,
              36.12482134838345
            ],
            [
              -115.16913663603184,
              36.124838536537766
            ],
            [
              -115.16915735711247,
              36.123946473717886
            ]
          ]
        ]
      }
    },
    {
      "id": "150",
      "type": "Feature",
      "properties": {
        "tile_id": 150,
        "average_temperature": 40.5929,
        "min_temperature": 40.5929,
        "max_temperature": 40.5929
      },
      "geometry": {
        "type": "Polygon",
        "coordinates": [
          [
            [
              -115.16803348617256,
              36.12392928612213
            ],
            [
              -115.16690961618487,
              36.12391208798952
            ],
            [
              -115.16688886969952,
              36.12480414969194
            ],
            [
              -115.16801275238956,
              36.12482134838345
            ],
            [
              -115.16803348617256,
              36.12392928612213
            ]
          ]
        ]
      }
    },
    {
      "id": "151",
      "type": "Feature",
      "properties": {
        "tile_id": 151,
        "average_temperature": 40.5925,
        "min_temperature": 40.5925,
        "max_temperature": 40.5925
      },
      "geometry": {
        "type": "Polygon",
        "coordinates": [
          [
            [
              -115.16690961618487,
              36.12391208798952
            ],
            [
              -115.16578574714997,
              36.123894879320076
            ],
            [
              -115.16576498796229,
              36.12478694046327
            ],
            [
              -115.16688886969952,
              36.12480414969194
            ],
            [
              -115.16690961618487,
              36.12391208798952
            ]
          ]
        ]
      }
    },
    {
      "id": "152",
      "type": "Feature",
      "properties": {
        "tile_id": 152,
        "average_temperature": 40.5921,
        "min_temperature": 40.5921,
        "max_temperature": 40.5921
      },
      "geometry": {
        "type": "Polygon",
        "coordinates": [
          [
            [
              -115.16578574714997,
              36.123894879320076
            ],
            [
              -115.16466187906839,
              36.12387766011383
            ],
            [
              -115.16464110717845,
              36.12476972069745
            ],
            [
              -115.16576498796229,
              36.12478694046327
            ],
            [
              -115.16578574714997,
              36.123894879320076
            ]
          ]
        ]
      }
    }
  ]
}